evt_time,syscall_type,conatiner_mounts,proc_args,proc_nthreads,proc_nchilds,proc_fdopencount,proc_vmsize,evt_args
13:57:55.171494875,poll,/:/host:rw:true:rslave,app.py,2,1,6,152124,res=0 fds=
13:57:55.171535864,poll,/:/host:rw:true:rslave,app.py,2,1,6,152124,fds=3:41 timeout=500
13:57:55.672247653,poll,/:/host:rw:true:rslave,app.py,2,1,6,152124,res=0 fds=
13:57:55.672286979,poll,/:/host:rw:true:rslave,app.py,2,1,6,152124,fds=3:41 timeout=500
13:57:55.673002876,recvmsg,/:/host:rw:true:rslave,-c 4 127.0.0.1,1,0,4,6536,res=-11(EAGAIN) size=192 data=NULL tuple=NULL
13:57:55.673027654,sched_yield,/:/host:rw:true:rslave,-c 4 127.0.0.1,1,0,4,6536,
13:57:55.673032684,sched_yield,/:/host:rw:true:rslave,-c 4 127.0.0.1,1,0,4,6536,
13:57:55.673034748,recvmsg,/:/host:rw:true:rslave,-c 4 127.0.0.1,1,0,4,6536,fd=3(<4r>0.0.0.0:1)
13:57:55.673044537,recvmsg,/:/host:rw:true:rslave,-c 4 127.0.0.1,1,0,4,6536,res=-11(EAGAIN) size=192 data=NULL tuple=NULL
13:57:55.673047202,sched_yield,/:/host:rw:true:rslave,-c 4 127.0.0.1,1,0,4,6536,
13:57:55.673049887,sched_yield,/:/host:rw:true:rslave,-c 4 127.0.0.1,1,0,4,6536,
13:57:55.673051170,recvmsg,/:/host:rw:true:rslave,-c 4 127.0.0.1,1,0,4,6536,fd=3(<4r>0.0.0.0:1)
13:57:55.673052823,recvmsg,/:/host:rw:true:rslave,-c 4 127.0.0.1,1,0,4,6536,res=-11(EAGAIN) size=192 data=NULL tuple=NULL
13:57:55.673055348,sched_yield,/:/host:rw:true:rslave,-c 4 127.0.0.1,1,0,4,6536,
13:57:55.673057853,sched_yield,/:/host:rw:true:rslave,-c 4 127.0.0.1,1,0,4,6536,
13:57:55.673059085,recvmsg,/:/host:rw:true:rslave,-c 4 127.0.0.1,1,0,4,6536,fd=3(<4r>0.0.0.0:1)
13:57:55.673060738,recvmsg,/:/host:rw:true:rslave,-c 4 127.0.0.1,1,0,4,6536,res=-11(EAGAIN) size=192 data=NULL tuple=NULL
13:57:55.673063243,sched_yield,/:/host:rw:true:rslave,-c 4 127.0.0.1,1,0,4,6536,
13:57:55.673065397,sched_yield,/:/host:rw:true:rslave,-c 4 127.0.0.1,1,0,4,6536,
13:57:55.673066630,recvmsg,/:/host:rw:true:rslave,-c 4 127.0.0.1,1,0,4,6536,fd=3(<4r>0.0.0.0:1)
13:57:55.673068253,recvmsg,/:/host:rw:true:rslave,-c 4 127.0.0.1,1,0,4,6536,res=-11(EAGAIN) size=192 data=NULL tuple=NULL
13:57:55.673070748,sched_yield,/:/host:rw:true:rslave,-c 4 127.0.0.1,1,0,4,6536,
13:57:55.673072872,sched_yield,/:/host:rw:true:rslave,-c 4 127.0.0.1,1,0,4,6536,
13:57:55.673074104,recvmsg,/:/host:rw:true:rslave,-c 4 127.0.0.1,1,0,4,6536,fd=3(<4r>0.0.0.0:1)
13:57:55.673075757,recvmsg,/:/host:rw:true:rslave,-c 4 127.0.0.1,1,0,4,6536,res=-11(EAGAIN) size=192 data=NULL tuple=NULL
13:57:55.673078242,sched_yield,/:/host:rw:true:rslave,-c 4 127.0.0.1,1,0,4,6536,
13:57:55.673080376,sched_yield,/:/host:rw:true:rslave,-c 4 127.0.0.1,1,0,4,6536,
13:57:55.673081609,recvmsg,/:/host:rw:true:rslave,-c 4 127.0.0.1,1,0,4,6536,fd=3(<4r>0.0.0.0:1)
13:57:55.673083252,recvmsg,/:/host:rw:true:rslave,-c 4 127.0.0.1,1,0,4,6536,res=-11(EAGAIN) size=192 data=NULL tuple=NULL
13:57:55.673085747,sched_yield,/:/host:rw:true:rslave,-c 4 127.0.0.1,1,0,4,6536,
13:57:55.673087871,sched_yield,/:/host:rw:true:rslave,-c 4 127.0.0.1,1,0,4,6536,
13:57:55.673089113,recvmsg,/:/host:rw:true:rslave,-c 4 127.0.0.1,1,0,4,6536,fd=3(<4r>0.0.0.0:1)
13:57:55.673090756,recvmsg,/:/host:rw:true:rslave,-c 4 127.0.0.1,1,0,4,6536,res=-11(EAGAIN) size=192 data=NULL tuple=NULL
13:57:55.673093221,sched_yield,/:/host:rw:true:rslave,-c 4 127.0.0.1,1,0,4,6536,
13:57:55.673095345,sched_yield,/:/host:rw:true:rslave,-c 4 127.0.0.1,1,0,4,6536,
13:57:55.673096588,recvmsg,/:/host:rw:true:rslave,-c 4 127.0.0.1,1,0,4,6536,fd=3(<4r>0.0.0.0:1)
13:57:55.673098221,recvmsg,/:/host:rw:true:rslave,-c 4 127.0.0.1,1,0,4,6536,res=-11(EAGAIN) size=192 data=NULL tuple=NULL
13:57:55.673100706,sched_yield,/:/host:rw:true:rslave,-c 4 127.0.0.1,1,0,4,6536,
13:57:55.673102830,sched_yield,/:/host:rw:true:rslave,-c 4 127.0.0.1,1,0,4,6536,
13:57:55.673104062,recvmsg,/:/host:rw:true:rslave,-c 4 127.0.0.1,1,0,4,6536,fd=3(<4r>0.0.0.0:1)
13:57:55.673105705,recvmsg,/:/host:rw:true:rslave,-c 4 127.0.0.1,1,0,4,6536,res=-11(EAGAIN) size=192 data=NULL tuple=NULL
13:57:55.673108210,sched_yield,/:/host:rw:true:rslave,-c 4 127.0.0.1,1,0,4,6536,
13:57:55.673110334,sched_yield,/:/host:rw:true:rslave,-c 4 127.0.0.1,1,0,4,6536,
13:57:55.673111567,recvmsg,/:/host:rw:true:rslave,-c 4 127.0.0.1,1,0,4,6536,fd=3(<4r>0.0.0.0:1)
13:57:55.673113210,recvmsg,/:/host:rw:true:rslave,-c 4 127.0.0.1,1,0,4,6536,res=-11(EAGAIN) size=192 data=NULL tuple=NULL
13:57:55.673115695,sched_yield,/:/host:rw:true:rslave,-c 4 127.0.0.1,1,0,4,6536,
13:57:55.673117819,sched_yield,/:/host:rw:true:rslave,-c 4 127.0.0.1,1,0,4,6536,
13:57:55.673119051,recvmsg,/:/host:rw:true:rslave,-c 4 127.0.0.1,1,0,4,6536,fd=3(<4r>0.0.0.0:1)
13:57:55.673120704,recvmsg,/:/host:rw:true:rslave,-c 4 127.0.0.1,1,0,4,6536,res=-11(EAGAIN) size=192 data=NULL tuple=NULL
13:57:55.673123179,sched_yield,/:/host:rw:true:rslave,-c 4 127.0.0.1,1,0,4,6536,
13:57:55.673125313,sched_yield,/:/host:rw:true:rslave,-c 4 127.0.0.1,1,0,4,6536,
13:57:55.673126546,recvmsg,/:/host:rw:true:rslave,-c 4 127.0.0.1,1,0,4,6536,fd=3(<4r>0.0.0.0:1)
13:57:55.673128189,recvmsg,/:/host:rw:true:rslave,-c 4 127.0.0.1,1,0,4,6536,res=-11(EAGAIN) size=192 data=NULL tuple=NULL
13:57:55.673130663,sched_yield,/:/host:rw:true:rslave,-c 4 127.0.0.1,1,0,4,6536,
13:57:55.673132788,sched_yield,/:/host:rw:true:rslave,-c 4 127.0.0.1,1,0,4,6536,
13:57:55.673134020,recvmsg,/:/host:rw:true:rslave,-c 4 127.0.0.1,1,0,4,6536,fd=3(<4r>0.0.0.0:1)
13:57:55.673135653,recvmsg,/:/host:rw:true:rslave,-c 4 127.0.0.1,1,0,4,6536,res=-11(EAGAIN) size=192 data=NULL tuple=NULL
13:57:55.673138128,sched_yield,/:/host:rw:true:rslave,-c 4 127.0.0.1,1,0,4,6536,
13:57:55.673140252,sched_yield,/:/host:rw:true:rslave,-c 4 127.0.0.1,1,0,4,6536,
13:57:55.673141484,recvmsg,/:/host:rw:true:rslave,-c 4 127.0.0.1,1,0,4,6536,fd=3(<4r>0.0.0.0:1)
13:57:55.673143128,recvmsg,/:/host:rw:true:rslave,-c 4 127.0.0.1,1,0,4,6536,res=-11(EAGAIN) size=192 data=NULL tuple=NULL
13:57:55.673145602,sched_yield,/:/host:rw:true:rslave,-c 4 127.0.0.1,1,0,4,6536,
13:57:55.673147726,sched_yield,/:/host:rw:true:rslave,-c 4 127.0.0.1,1,0,4,6536,
13:57:55.673148959,recvmsg,/:/host:rw:true:rslave,-c 4 127.0.0.1,1,0,4,6536,fd=3(<4r>0.0.0.0:1)
13:57:55.673150602,recvmsg,/:/host:rw:true:rslave,-c 4 127.0.0.1,1,0,4,6536,res=-11(EAGAIN) size=192 data=NULL tuple=NULL
13:57:55.673153077,sched_yield,/:/host:rw:true:rslave,-c 4 127.0.0.1,1,0,4,6536,
13:57:55.673155211,sched_yield,/:/host:rw:true:rslave,-c 4 127.0.0.1,1,0,4,6536,
13:57:55.673156443,recvmsg,/:/host:rw:true:rslave,-c 4 127.0.0.1,1,0,4,6536,fd=3(<4r>0.0.0.0:1)
13:57:55.673158087,recvmsg,/:/host:rw:true:rslave,-c 4 127.0.0.1,1,0,4,6536,res=-11(EAGAIN) size=192 data=NULL tuple=NULL
13:57:55.673160551,sched_yield,/:/host:rw:true:rslave,-c 4 127.0.0.1,1,0,4,6536,
13:57:55.673162715,sched_yield,/:/host:rw:true:rslave,-c 4 127.0.0.1,1,0,4,6536,
13:57:55.673163968,recvmsg,/:/host:rw:true:rslave,-c 4 127.0.0.1,1,0,4,6536,fd=3(<4r>0.0.0.0:1)
13:57:55.673165611,recvmsg,/:/host:rw:true:rslave,-c 4 127.0.0.1,1,0,4,6536,res=-11(EAGAIN) size=192 data=NULL tuple=NULL
13:57:55.673168086,sched_yield,/:/host:rw:true:rslave,-c 4 127.0.0.1,1,0,4,6536,
13:57:55.673170230,sched_yield,/:/host:rw:true:rslave,-c 4 127.0.0.1,1,0,4,6536,
13:57:55.673171452,recvmsg,/:/host:rw:true:rslave,-c 4 127.0.0.1,1,0,4,6536,fd=3(<4r>0.0.0.0:1)
13:57:55.673173096,recvmsg,/:/host:rw:true:rslave,-c 4 127.0.0.1,1,0,4,6536,res=-11(EAGAIN) size=192 data=NULL tuple=NULL
13:57:55.673175560,sched_yield,/:/host:rw:true:rslave,-c 4 127.0.0.1,1,0,4,6536,
13:57:55.673177694,sched_yield,/:/host:rw:true:rslave,-c 4 127.0.0.1,1,0,4,6536,
13:57:55.673178917,recvmsg,/:/host:rw:true:rslave,-c 4 127.0.0.1,1,0,4,6536,fd=3(<4r>0.0.0.0:1)
13:57:55.673180550,recvmsg,/:/host:rw:true:rslave,-c 4 127.0.0.1,1,0,4,6536,res=-11(EAGAIN) size=192 data=NULL tuple=NULL
13:57:55.673183025,sched_yield,/:/host:rw:true:rslave,-c 4 127.0.0.1,1,0,4,6536,
13:57:55.673185149,sched_yield,/:/host:rw:true:rslave,-c 4 127.0.0.1,1,0,4,6536,
13:57:55.673186381,recvmsg,/:/host:rw:true:rslave,-c 4 127.0.0.1,1,0,4,6536,fd=3(<4r>0.0.0.0:1)
13:57:55.673188024,recvmsg,/:/host:rw:true:rslave,-c 4 127.0.0.1,1,0,4,6536,res=-11(EAGAIN) size=192 data=NULL tuple=NULL
13:57:55.673190499,sched_yield,/:/host:rw:true:rslave,-c 4 127.0.0.1,1,0,4,6536,
13:57:55.673192633,sched_yield,/:/host:rw:true:rslave,-c 4 127.0.0.1,1,0,4,6536,
13:57:55.673193856,recvmsg,/:/host:rw:true:rslave,-c 4 127.0.0.1,1,0,4,6536,fd=3(<4r>0.0.0.0:1)
13:57:55.673195499,recvmsg,/:/host:rw:true:rslave,-c 4 127.0.0.1,1,0,4,6536,res=-11(EAGAIN) size=192 data=NULL tuple=NULL
13:57:55.673197954,sched_yield,/:/host:rw:true:rslave,-c 4 127.0.0.1,1,0,4,6536,
13:57:55.673200088,sched_yield,/:/host:rw:true:rslave,-c 4 127.0.0.1,1,0,4,6536,
13:57:55.673201310,recvmsg,/:/host:rw:true:rslave,-c 4 127.0.0.1,1,0,4,6536,fd=3(<4r>0.0.0.0:1)
13:57:55.673202953,recvmsg,/:/host:rw:true:rslave,-c 4 127.0.0.1,1,0,4,6536,res=-11(EAGAIN) size=192 data=NULL tuple=NULL
13:57:55.673205418,sched_yield,/:/host:rw:true:rslave,-c 4 127.0.0.1,1,0,4,6536,
13:57:55.673207542,sched_yield,/:/host:rw:true:rslave,-c 4 127.0.0.1,1,0,4,6536,
13:57:55.673208765,recvmsg,/:/host:rw:true:rslave,-c 4 127.0.0.1,1,0,4,6536,fd=3(<4r>0.0.0.0:1)
13:57:55.673210408,recvmsg,/:/host:rw:true:rslave,-c 4 127.0.0.1,1,0,4,6536,res=-11(EAGAIN) size=192 data=NULL tuple=NULL
13:57:55.673212872,sched_yield,/:/host:rw:true:rslave,-c 4 127.0.0.1,1,0,4,6536,
13:57:55.673215007,sched_yield,/:/host:rw:true:rslave,-c 4 127.0.0.1,1,0,4,6536,
13:57:55.673216229,recvmsg,/:/host:rw:true:rslave,-c 4 127.0.0.1,1,0,4,6536,fd=3(<4r>0.0.0.0:1)
13:57:55.673217872,recvmsg,/:/host:rw:true:rslave,-c 4 127.0.0.1,1,0,4,6536,res=-11(EAGAIN) size=192 data=NULL tuple=NULL
13:57:55.673220327,sched_yield,/:/host:rw:true:rslave,-c 4 127.0.0.1,1,0,4,6536,
13:57:55.673222471,sched_yield,/:/host:rw:true:rslave,-c 4 127.0.0.1,1,0,4,6536,
13:57:55.673223693,recvmsg,/:/host:rw:true:rslave,-c 4 127.0.0.1,1,0,4,6536,fd=3(<4r>0.0.0.0:1)
13:57:55.673225337,recvmsg,/:/host:rw:true:rslave,-c 4 127.0.0.1,1,0,4,6536,res=-11(EAGAIN) size=192 data=NULL tuple=NULL
13:57:55.673227791,sched_yield,/:/host:rw:true:rslave,-c 4 127.0.0.1,1,0,4,6536,
13:57:55.673229935,sched_yield,/:/host:rw:true:rslave,-c 4 127.0.0.1,1,0,4,6536,
13:57:55.673231158,recvmsg,/:/host:rw:true:rslave,-c 4 127.0.0.1,1,0,4,6536,fd=3(<4r>0.0.0.0:1)
13:57:55.673232801,recvmsg,/:/host:rw:true:rslave,-c 4 127.0.0.1,1,0,4,6536,res=-11(EAGAIN) size=192 data=NULL tuple=NULL
13:57:55.673235276,sched_yield,/:/host:rw:true:rslave,-c 4 127.0.0.1,1,0,4,6536,
13:57:55.673237410,sched_yield,/:/host:rw:true:rslave,-c 4 127.0.0.1,1,0,4,6536,
13:57:55.673238652,recvmsg,/:/host:rw:true:rslave,-c 4 127.0.0.1,1,0,4,6536,fd=3(<4r>0.0.0.0:1)
13:57:55.673240295,recvmsg,/:/host:rw:true:rslave,-c 4 127.0.0.1,1,0,4,6536,res=-11(EAGAIN) size=192 data=NULL tuple=NULL
13:57:55.673242770,sched_yield,/:/host:rw:true:rslave,-c 4 127.0.0.1,1,0,4,6536,
13:57:55.673244894,sched_yield,/:/host:rw:true:rslave,-c 4 127.0.0.1,1,0,4,6536,
13:57:55.673246117,recvmsg,/:/host:rw:true:rslave,-c 4 127.0.0.1,1,0,4,6536,fd=3(<4r>0.0.0.0:1)
13:57:55.673247760,recvmsg,/:/host:rw:true:rslave,-c 4 127.0.0.1,1,0,4,6536,res=-11(EAGAIN) size=192 data=NULL tuple=NULL
13:57:55.673250225,sched_yield,/:/host:rw:true:rslave,-c 4 127.0.0.1,1,0,4,6536,
13:57:55.673252409,sched_yield,/:/host:rw:true:rslave,-c 4 127.0.0.1,1,0,4,6536,
13:57:55.673253641,recvmsg,/:/host:rw:true:rslave,-c 4 127.0.0.1,1,0,4,6536,fd=3(<4r>0.0.0.0:1)
13:57:55.673255274,recvmsg,/:/host:rw:true:rslave,-c 4 127.0.0.1,1,0,4,6536,res=-11(EAGAIN) size=192 data=NULL tuple=NULL
13:57:55.673257749,sched_yield,/:/host:rw:true:rslave,-c 4 127.0.0.1,1,0,4,6536,
13:57:55.673259883,sched_yield,/:/host:rw:true:rslave,-c 4 127.0.0.1,1,0,4,6536,
13:57:55.673261106,recvmsg,/:/host:rw:true:rslave,-c 4 127.0.0.1,1,0,4,6536,fd=3(<4r>0.0.0.0:1)
13:57:55.673262739,recvmsg,/:/host:rw:true:rslave,-c 4 127.0.0.1,1,0,4,6536,res=-11(EAGAIN) size=192 data=NULL tuple=NULL
13:57:55.673265214,sched_yield,/:/host:rw:true:rslave,-c 4 127.0.0.1,1,0,4,6536,
13:57:55.673267348,sched_yield,/:/host:rw:true:rslave,-c 4 127.0.0.1,1,0,4,6536,
13:57:55.673268580,recvmsg,/:/host:rw:true:rslave,-c 4 127.0.0.1,1,0,4,6536,fd=3(<4r>0.0.0.0:1)
13:57:55.673270213,recvmsg,/:/host:rw:true:rslave,-c 4 127.0.0.1,1,0,4,6536,res=-11(EAGAIN) size=192 data=NULL tuple=NULL
13:57:55.673272678,sched_yield,/:/host:rw:true:rslave,-c 4 127.0.0.1,1,0,4,6536,
13:57:55.673274822,sched_yield,/:/host:rw:true:rslave,-c 4 127.0.0.1,1,0,4,6536,
13:57:55.673276055,recvmsg,/:/host:rw:true:rslave,-c 4 127.0.0.1,1,0,4,6536,fd=3(<4r>0.0.0.0:1)
13:57:55.673277688,recvmsg,/:/host:rw:true:rslave,-c 4 127.0.0.1,1,0,4,6536,res=-11(EAGAIN) size=192 data=NULL tuple=NULL
13:57:55.673280163,sched_yield,/:/host:rw:true:rslave,-c 4 127.0.0.1,1,0,4,6536,
13:57:55.673282297,sched_yield,/:/host:rw:true:rslave,-c 4 127.0.0.1,1,0,4,6536,
13:57:55.673283529,recvmsg,/:/host:rw:true:rslave,-c 4 127.0.0.1,1,0,4,6536,fd=3(<4r>0.0.0.0:1)
13:57:55.673285172,recvmsg,/:/host:rw:true:rslave,-c 4 127.0.0.1,1,0,4,6536,res=-11(EAGAIN) size=192 data=NULL tuple=NULL
13:57:55.673287637,sched_yield,/:/host:rw:true:rslave,-c 4 127.0.0.1,1,0,4,6536,
13:57:55.673289781,sched_yield,/:/host:rw:true:rslave,-c 4 127.0.0.1,1,0,4,6536,
13:57:55.673291004,recvmsg,/:/host:rw:true:rslave,-c 4 127.0.0.1,1,0,4,6536,fd=3(<4r>0.0.0.0:1)
13:57:55.673292637,recvmsg,/:/host:rw:true:rslave,-c 4 127.0.0.1,1,0,4,6536,res=-11(EAGAIN) size=192 data=NULL tuple=NULL
13:57:55.673295111,sched_yield,/:/host:rw:true:rslave,-c 4 127.0.0.1,1,0,4,6536,
13:57:55.673297256,sched_yield,/:/host:rw:true:rslave,-c 4 127.0.0.1,1,0,4,6536,
13:57:55.673298468,recvmsg,/:/host:rw:true:rslave,-c 4 127.0.0.1,1,0,4,6536,fd=3(<4r>0.0.0.0:1)
13:57:55.673300101,recvmsg,/:/host:rw:true:rslave,-c 4 127.0.0.1,1,0,4,6536,res=-11(EAGAIN) size=192 data=NULL tuple=NULL
13:57:55.673302566,sched_yield,/:/host:rw:true:rslave,-c 4 127.0.0.1,1,0,4,6536,
13:57:55.673304710,sched_yield,/:/host:rw:true:rslave,-c 4 127.0.0.1,1,0,4,6536,
13:57:55.673305932,recvmsg,/:/host:rw:true:rslave,-c 4 127.0.0.1,1,0,4,6536,fd=3(<4r>0.0.0.0:1)
13:57:55.673307566,recvmsg,/:/host:rw:true:rslave,-c 4 127.0.0.1,1,0,4,6536,res=-11(EAGAIN) size=192 data=NULL tuple=NULL
13:57:55.673310040,sched_yield,/:/host:rw:true:rslave,-c 4 127.0.0.1,1,0,4,6536,
13:57:55.673312184,sched_yield,/:/host:rw:true:rslave,-c 4 127.0.0.1,1,0,4,6536,
13:57:55.673313397,recvmsg,/:/host:rw:true:rslave,-c 4 127.0.0.1,1,0,4,6536,fd=3(<4r>0.0.0.0:1)
13:57:55.673315040,recvmsg,/:/host:rw:true:rslave,-c 4 127.0.0.1,1,0,4,6536,res=-11(EAGAIN) size=192 data=NULL tuple=NULL
13:57:55.673317495,sched_yield,/:/host:rw:true:rslave,-c 4 127.0.0.1,1,0,4,6536,
13:57:55.673319629,sched_yield,/:/host:rw:true:rslave,-c 4 127.0.0.1,1,0,4,6536,
13:57:55.673320851,recvmsg,/:/host:rw:true:rslave,-c 4 127.0.0.1,1,0,4,6536,fd=3(<4r>0.0.0.0:1)
13:57:55.673322494,recvmsg,/:/host:rw:true:rslave,-c 4 127.0.0.1,1,0,4,6536,res=-11(EAGAIN) size=192 data=NULL tuple=NULL
13:57:55.673324969,sched_yield,/:/host:rw:true:rslave,-c 4 127.0.0.1,1,0,4,6536,
13:57:55.673327113,sched_yield,/:/host:rw:true:rslave,-c 4 127.0.0.1,1,0,4,6536,
13:57:55.673328326,recvmsg,/:/host:rw:true:rslave,-c 4 127.0.0.1,1,0,4,6536,fd=3(<4r>0.0.0.0:1)
13:57:55.673329969,recvmsg,/:/host:rw:true:rslave,-c 4 127.0.0.1,1,0,4,6536,res=-11(EAGAIN) size=192 data=NULL tuple=NULL
13:57:55.673332444,sched_yield,/:/host:rw:true:rslave,-c 4 127.0.0.1,1,0,4,6536,
13:57:55.673334568,sched_yield,/:/host:rw:true:rslave,-c 4 127.0.0.1,1,0,4,6536,
13:57:55.673335800,recvmsg,/:/host:rw:true:rslave,-c 4 127.0.0.1,1,0,4,6536,fd=3(<4r>0.0.0.0:1)
13:57:55.673337453,recvmsg,/:/host:rw:true:rslave,-c 4 127.0.0.1,1,0,4,6536,res=-11(EAGAIN) size=192 data=NULL tuple=NULL
13:57:55.673339928,sched_yield,/:/host:rw:true:rslave,-c 4 127.0.0.1,1,0,4,6536,
13:57:55.673342052,sched_yield,/:/host:rw:true:rslave,-c 4 127.0.0.1,1,0,4,6536,
13:57:55.673343275,recvmsg,/:/host:rw:true:rslave,-c 4 127.0.0.1,1,0,4,6536,fd=3(<4r>0.0.0.0:1)
13:57:55.673344938,recvmsg,/:/host:rw:true:rslave,-c 4 127.0.0.1,1,0,4,6536,res=-11(EAGAIN) size=192 data=NULL tuple=NULL
13:57:55.673347393,sched_yield,/:/host:rw:true:rslave,-c 4 127.0.0.1,1,0,4,6536,
13:57:55.673349537,sched_yield,/:/host:rw:true:rslave,-c 4 127.0.0.1,1,0,4,6536,
13:57:55.673350759,recvmsg,/:/host:rw:true:rslave,-c 4 127.0.0.1,1,0,4,6536,fd=3(<4r>0.0.0.0:1)
13:57:55.673352392,recvmsg,/:/host:rw:true:rslave,-c 4 127.0.0.1,1,0,4,6536,res=-11(EAGAIN) size=192 data=NULL tuple=NULL
13:57:55.673354877,sched_yield,/:/host:rw:true:rslave,-c 4 127.0.0.1,1,0,4,6536,
13:57:55.673357011,sched_yield,/:/host:rw:true:rslave,-c 4 127.0.0.1,1,0,4,6536,
13:57:55.673358244,recvmsg,/:/host:rw:true:rslave,-c 4 127.0.0.1,1,0,4,6536,fd=3(<4r>0.0.0.0:1)
13:57:55.673359887,recvmsg,/:/host:rw:true:rslave,-c 4 127.0.0.1,1,0,4,6536,res=-11(EAGAIN) size=192 data=NULL tuple=NULL
13:57:55.673362362,sched_yield,/:/host:rw:true:rslave,-c 4 127.0.0.1,1,0,4,6536,
13:57:55.673364496,sched_yield,/:/host:rw:true:rslave,-c 4 127.0.0.1,1,0,4,6536,
13:57:55.673365718,recvmsg,/:/host:rw:true:rslave,-c 4 127.0.0.1,1,0,4,6536,fd=3(<4r>0.0.0.0:1)
13:57:55.673367361,recvmsg,/:/host:rw:true:rslave,-c 4 127.0.0.1,1,0,4,6536,res=-11(EAGAIN) size=192 data=NULL tuple=NULL
13:57:55.673369826,sched_yield,/:/host:rw:true:rslave,-c 4 127.0.0.1,1,0,4,6536,
13:57:55.673371970,sched_yield,/:/host:rw:true:rslave,-c 4 127.0.0.1,1,0,4,6536,
13:57:55.673373192,recvmsg,/:/host:rw:true:rslave,-c 4 127.0.0.1,1,0,4,6536,fd=3(<4r>0.0.0.0:1)
13:57:55.673374826,recvmsg,/:/host:rw:true:rslave,-c 4 127.0.0.1,1,0,4,6536,res=-11(EAGAIN) size=192 data=NULL tuple=NULL
13:57:55.673377290,sched_yield,/:/host:rw:true:rslave,-c 4 127.0.0.1,1,0,4,6536,
13:57:55.673379435,sched_yield,/:/host:rw:true:rslave,-c 4 127.0.0.1,1,0,4,6536,
13:57:55.673380657,recvmsg,/:/host:rw:true:rslave,-c 4 127.0.0.1,1,0,4,6536,fd=3(<4r>0.0.0.0:1)
13:57:55.673382300,recvmsg,/:/host:rw:true:rslave,-c 4 127.0.0.1,1,0,4,6536,res=-11(EAGAIN) size=192 data=NULL tuple=NULL
13:57:55.673384765,sched_yield,/:/host:rw:true:rslave,-c 4 127.0.0.1,1,0,4,6536,
13:57:55.673386909,sched_yield,/:/host:rw:true:rslave,-c 4 127.0.0.1,1,0,4,6536,
13:57:55.673388131,recvmsg,/:/host:rw:true:rslave,-c 4 127.0.0.1,1,0,4,6536,fd=3(<4r>0.0.0.0:1)
13:57:55.673389775,recvmsg,/:/host:rw:true:rslave,-c 4 127.0.0.1,1,0,4,6536,res=-11(EAGAIN) size=192 data=NULL tuple=NULL
13:57:55.673392229,sched_yield,/:/host:rw:true:rslave,-c 4 127.0.0.1,1,0,4,6536,
13:57:55.673394373,sched_yield,/:/host:rw:true:rslave,-c 4 127.0.0.1,1,0,4,6536,
13:57:55.673395606,recvmsg,/:/host:rw:true:rslave,-c 4 127.0.0.1,1,0,4,6536,fd=3(<4r>0.0.0.0:1)
13:57:55.673397239,recvmsg,/:/host:rw:true:rslave,-c 4 127.0.0.1,1,0,4,6536,res=-11(EAGAIN) size=192 data=NULL tuple=NULL
13:57:55.673399704,sched_yield,/:/host:rw:true:rslave,-c 4 127.0.0.1,1,0,4,6536,
13:57:55.673401848,sched_yield,/:/host:rw:true:rslave,-c 4 127.0.0.1,1,0,4,6536,
13:57:55.673403080,recvmsg,/:/host:rw:true:rslave,-c 4 127.0.0.1,1,0,4,6536,fd=3(<4r>0.0.0.0:1)
13:57:55.673404713,recvmsg,/:/host:rw:true:rslave,-c 4 127.0.0.1,1,0,4,6536,res=-11(EAGAIN) size=192 data=NULL tuple=NULL
13:57:55.673407178,sched_yield,/:/host:rw:true:rslave,-c 4 127.0.0.1,1,0,4,6536,
13:57:55.673409322,sched_yield,/:/host:rw:true:rslave,-c 4 127.0.0.1,1,0,4,6536,
13:57:55.673410555,recvmsg,/:/host:rw:true:rslave,-c 4 127.0.0.1,1,0,4,6536,fd=3(<4r>0.0.0.0:1)
13:57:55.673412198,recvmsg,/:/host:rw:true:rslave,-c 4 127.0.0.1,1,0,4,6536,res=-11(EAGAIN) size=192 data=NULL tuple=NULL
13:57:55.673414653,sched_yield,/:/host:rw:true:rslave,-c 4 127.0.0.1,1,0,4,6536,
13:57:55.673416797,sched_yield,/:/host:rw:true:rslave,-c 4 127.0.0.1,1,0,4,6536,
13:57:55.673418019,recvmsg,/:/host:rw:true:rslave,-c 4 127.0.0.1,1,0,4,6536,fd=3(<4r>0.0.0.0:1)
13:57:55.673419662,recvmsg,/:/host:rw:true:rslave,-c 4 127.0.0.1,1,0,4,6536,res=-11(EAGAIN) size=192 data=NULL tuple=NULL
13:57:55.673422147,sched_yield,/:/host:rw:true:rslave,-c 4 127.0.0.1,1,0,4,6536,
13:57:55.673424311,sched_yield,/:/host:rw:true:rslave,-c 4 127.0.0.1,1,0,4,6536,
13:57:55.673425534,recvmsg,/:/host:rw:true:rslave,-c 4 127.0.0.1,1,0,4,6536,fd=3(<4r>0.0.0.0:1)
13:57:55.673427177,recvmsg,/:/host:rw:true:rslave,-c 4 127.0.0.1,1,0,4,6536,res=-11(EAGAIN) size=192 data=NULL tuple=NULL
13:57:55.673429632,sched_yield,/:/host:rw:true:rslave,-c 4 127.0.0.1,1,0,4,6536,
13:57:55.673431776,sched_yield,/:/host:rw:true:rslave,-c 4 127.0.0.1,1,0,4,6536,
13:57:55.673433008,recvmsg,/:/host:rw:true:rslave,-c 4 127.0.0.1,1,0,4,6536,fd=3(<4r>0.0.0.0:1)
13:57:55.673434641,recvmsg,/:/host:rw:true:rslave,-c 4 127.0.0.1,1,0,4,6536,res=-11(EAGAIN) size=192 data=NULL tuple=NULL
13:57:55.673437106,sched_yield,/:/host:rw:true:rslave,-c 4 127.0.0.1,1,0,4,6536,
13:57:55.673439260,sched_yield,/:/host:rw:true:rslave,-c 4 127.0.0.1,1,0,4,6536,
13:57:55.673440493,recvmsg,/:/host:rw:true:rslave,-c 4 127.0.0.1,1,0,4,6536,fd=3(<4r>0.0.0.0:1)
13:57:55.673442136,recvmsg,/:/host:rw:true:rslave,-c 4 127.0.0.1,1,0,4,6536,res=-11(EAGAIN) size=192 data=NULL tuple=NULL
13:57:55.673444601,sched_yield,/:/host:rw:true:rslave,-c 4 127.0.0.1,1,0,4,6536,
13:57:55.673446745,sched_yield,/:/host:rw:true:rslave,-c 4 127.0.0.1,1,0,4,6536,
13:57:55.673447977,recvmsg,/:/host:rw:true:rslave,-c 4 127.0.0.1,1,0,4,6536,fd=3(<4r>0.0.0.0:1)
13:57:55.673449630,recvmsg,/:/host:rw:true:rslave,-c 4 127.0.0.1,1,0,4,6536,res=-11(EAGAIN) size=192 data=NULL tuple=NULL
13:57:55.673452095,sched_yield,/:/host:rw:true:rslave,-c 4 127.0.0.1,1,0,4,6536,
13:57:55.673454229,sched_yield,/:/host:rw:true:rslave,-c 4 127.0.0.1,1,0,4,6536,
13:57:55.673455462,recvmsg,/:/host:rw:true:rslave,-c 4 127.0.0.1,1,0,4,6536,fd=3(<4r>0.0.0.0:1)
13:57:55.673457105,recvmsg,/:/host:rw:true:rslave,-c 4 127.0.0.1,1,0,4,6536,res=-11(EAGAIN) size=192 data=NULL tuple=NULL
13:57:55.673459569,sched_yield,/:/host:rw:true:rslave,-c 4 127.0.0.1,1,0,4,6536,
13:57:55.673461704,sched_yield,/:/host:rw:true:rslave,-c 4 127.0.0.1,1,0,4,6536,
13:57:55.673462936,recvmsg,/:/host:rw:true:rslave,-c 4 127.0.0.1,1,0,4,6536,fd=3(<4r>0.0.0.0:1)
13:57:55.673464579,recvmsg,/:/host:rw:true:rslave,-c 4 127.0.0.1,1,0,4,6536,res=-11(EAGAIN) size=192 data=NULL tuple=NULL
13:57:55.673467034,sched_yield,/:/host:rw:true:rslave,-c 4 127.0.0.1,1,0,4,6536,
13:57:55.673469178,sched_yield,/:/host:rw:true:rslave,-c 4 127.0.0.1,1,0,4,6536,
13:57:55.673470410,recvmsg,/:/host:rw:true:rslave,-c 4 127.0.0.1,1,0,4,6536,fd=3(<4r>0.0.0.0:1)
13:57:55.673472044,recvmsg,/:/host:rw:true:rslave,-c 4 127.0.0.1,1,0,4,6536,res=-11(EAGAIN) size=192 data=NULL tuple=NULL
13:57:55.673474508,sched_yield,/:/host:rw:true:rslave,-c 4 127.0.0.1,1,0,4,6536,
13:57:55.673476642,sched_yield,/:/host:rw:true:rslave,-c 4 127.0.0.1,1,0,4,6536,
13:57:55.673477875,recvmsg,/:/host:rw:true:rslave,-c 4 127.0.0.1,1,0,4,6536,fd=3(<4r>0.0.0.0:1)
13:57:55.673479508,recvmsg,/:/host:rw:true:rslave,-c 4 127.0.0.1,1,0,4,6536,res=-11(EAGAIN) size=192 data=NULL tuple=NULL
13:57:55.673481973,sched_yield,/:/host:rw:true:rslave,-c 4 127.0.0.1,1,0,4,6536,
13:57:55.673484107,sched_yield,/:/host:rw:true:rslave,-c 4 127.0.0.1,1,0,4,6536,
13:57:55.673485339,recvmsg,/:/host:rw:true:rslave,-c 4 127.0.0.1,1,0,4,6536,fd=3(<4r>0.0.0.0:1)
13:57:55.673486982,recvmsg,/:/host:rw:true:rslave,-c 4 127.0.0.1,1,0,4,6536,res=-11(EAGAIN) size=192 data=NULL tuple=NULL
13:57:55.673489457,sched_yield,/:/host:rw:true:rslave,-c 4 127.0.0.1,1,0,4,6536,
13:57:55.673491601,sched_yield,/:/host:rw:true:rslave,-c 4 127.0.0.1,1,0,4,6536,
13:57:55.673492824,recvmsg,/:/host:rw:true:rslave,-c 4 127.0.0.1,1,0,4,6536,fd=3(<4r>0.0.0.0:1)
13:57:55.673494467,recvmsg,/:/host:rw:true:rslave,-c 4 127.0.0.1,1,0,4,6536,res=-11(EAGAIN) size=192 data=NULL tuple=NULL
13:57:55.673496942,sched_yield,/:/host:rw:true:rslave,-c 4 127.0.0.1,1,0,4,6536,
13:57:55.673499076,sched_yield,/:/host:rw:true:rslave,-c 4 127.0.0.1,1,0,4,6536,
13:57:55.673500308,recvmsg,/:/host:rw:true:rslave,-c 4 127.0.0.1,1,0,4,6536,fd=3(<4r>0.0.0.0:1)
13:57:55.673501951,recvmsg,/:/host:rw:true:rslave,-c 4 127.0.0.1,1,0,4,6536,res=-11(EAGAIN) size=192 data=NULL tuple=NULL
13:57:55.673504416,sched_yield,/:/host:rw:true:rslave,-c 4 127.0.0.1,1,0,4,6536,
13:57:55.673506550,sched_yield,/:/host:rw:true:rslave,-c 4 127.0.0.1,1,0,4,6536,
13:57:55.673507783,recvmsg,/:/host:rw:true:rslave,-c 4 127.0.0.1,1,0,4,6536,fd=3(<4r>0.0.0.0:1)
13:57:55.673509416,recvmsg,/:/host:rw:true:rslave,-c 4 127.0.0.1,1,0,4,6536,res=-11(EAGAIN) size=192 data=NULL tuple=NULL
13:57:55.673511881,sched_yield,/:/host:rw:true:rslave,-c 4 127.0.0.1,1,0,4,6536,
13:57:55.673514025,sched_yield,/:/host:rw:true:rslave,-c 4 127.0.0.1,1,0,4,6536,
13:57:55.673515247,recvmsg,/:/host:rw:true:rslave,-c 4 127.0.0.1,1,0,4,6536,fd=3(<4r>0.0.0.0:1)
13:57:55.673516890,recvmsg,/:/host:rw:true:rslave,-c 4 127.0.0.1,1,0,4,6536,res=-11(EAGAIN) size=192 data=NULL tuple=NULL
13:57:55.673519365,sched_yield,/:/host:rw:true:rslave,-c 4 127.0.0.1,1,0,4,6536,
13:57:55.673521509,sched_yield,/:/host:rw:true:rslave,-c 4 127.0.0.1,1,0,4,6536,
13:57:55.673522732,recvmsg,/:/host:rw:true:rslave,-c 4 127.0.0.1,1,0,4,6536,fd=3(<4r>0.0.0.0:1)
13:57:55.673524375,recvmsg,/:/host:rw:true:rslave,-c 4 127.0.0.1,1,0,4,6536,res=-11(EAGAIN) size=192 data=NULL tuple=NULL
13:57:55.673526850,sched_yield,/:/host:rw:true:rslave,-c 4 127.0.0.1,1,0,4,6536,
13:57:55.673528984,sched_yield,/:/host:rw:true:rslave,-c 4 127.0.0.1,1,0,4,6536,
13:57:55.673530216,recvmsg,/:/host:rw:true:rslave,-c 4 127.0.0.1,1,0,4,6536,fd=3(<4r>0.0.0.0:1)
13:57:55.673531859,recvmsg,/:/host:rw:true:rslave,-c 4 127.0.0.1,1,0,4,6536,res=-11(EAGAIN) size=192 data=NULL tuple=NULL
13:57:55.673534334,sched_yield,/:/host:rw:true:rslave,-c 4 127.0.0.1,1,0,4,6536,
13:57:55.673536468,sched_yield,/:/host:rw:true:rslave,-c 4 127.0.0.1,1,0,4,6536,
13:57:55.673537691,recvmsg,/:/host:rw:true:rslave,-c 4 127.0.0.1,1,0,4,6536,fd=3(<4r>0.0.0.0:1)
13:57:55.673539344,recvmsg,/:/host:rw:true:rslave,-c 4 127.0.0.1,1,0,4,6536,res=-11(EAGAIN) size=192 data=NULL tuple=NULL
13:57:55.673541808,sched_yield,/:/host:rw:true:rslave,-c 4 127.0.0.1,1,0,4,6536,
13:57:55.673543953,sched_yield,/:/host:rw:true:rslave,-c 4 127.0.0.1,1,0,4,6536,
13:57:55.673545175,recvmsg,/:/host:rw:true:rslave,-c 4 127.0.0.1,1,0,4,6536,fd=3(<4r>0.0.0.0:1)
13:57:55.673546818,recvmsg,/:/host:rw:true:rslave,-c 4 127.0.0.1,1,0,4,6536,res=-11(EAGAIN) size=192 data=NULL tuple=NULL
13:57:55.673549293,sched_yield,/:/host:rw:true:rslave,-c 4 127.0.0.1,1,0,4,6536,
13:57:55.673551427,sched_yield,/:/host:rw:true:rslave,-c 4 127.0.0.1,1,0,4,6536,
13:57:55.673552659,recvmsg,/:/host:rw:true:rslave,-c 4 127.0.0.1,1,0,4,6536,fd=3(<4r>0.0.0.0:1)
13:57:55.673554303,recvmsg,/:/host:rw:true:rslave,-c 4 127.0.0.1,1,0,4,6536,res=-11(EAGAIN) size=192 data=NULL tuple=NULL
13:57:55.673556767,sched_yield,/:/host:rw:true:rslave,-c 4 127.0.0.1,1,0,4,6536,
13:57:55.673558922,sched_yield,/:/host:rw:true:rslave,-c 4 127.0.0.1,1,0,4,6536,
13:57:55.673560144,recvmsg,/:/host:rw:true:rslave,-c 4 127.0.0.1,1,0,4,6536,fd=3(<4r>0.0.0.0:1)
13:57:55.673561777,recvmsg,/:/host:rw:true:rslave,-c 4 127.0.0.1,1,0,4,6536,res=-11(EAGAIN) size=192 data=NULL tuple=NULL
13:57:55.673564252,sched_yield,/:/host:rw:true:rslave,-c 4 127.0.0.1,1,0,4,6536,
13:57:55.673566396,sched_yield,/:/host:rw:true:rslave,-c 4 127.0.0.1,1,0,4,6536,
13:57:55.673567618,recvmsg,/:/host:rw:true:rslave,-c 4 127.0.0.1,1,0,4,6536,fd=3(<4r>0.0.0.0:1)
13:57:55.673569262,recvmsg,/:/host:rw:true:rslave,-c 4 127.0.0.1,1,0,4,6536,res=-11(EAGAIN) size=192 data=NULL tuple=NULL
13:57:55.673571736,sched_yield,/:/host:rw:true:rslave,-c 4 127.0.0.1,1,0,4,6536,
13:57:55.673573881,sched_yield,/:/host:rw:true:rslave,-c 4 127.0.0.1,1,0,4,6536,
13:57:55.673575103,recvmsg,/:/host:rw:true:rslave,-c 4 127.0.0.1,1,0,4,6536,fd=3(<4r>0.0.0.0:1)
13:57:55.673576746,recvmsg,/:/host:rw:true:rslave,-c 4 127.0.0.1,1,0,4,6536,res=-11(EAGAIN) size=192 data=NULL tuple=NULL
13:57:55.673579211,sched_yield,/:/host:rw:true:rslave,-c 4 127.0.0.1,1,0,4,6536,
13:57:55.673581365,sched_yield,/:/host:rw:true:rslave,-c 4 127.0.0.1,1,0,4,6536,
13:57:55.673582597,recvmsg,/:/host:rw:true:rslave,-c 4 127.0.0.1,1,0,4,6536,fd=3(<4r>0.0.0.0:1)
13:57:55.673584241,recvmsg,/:/host:rw:true:rslave,-c 4 127.0.0.1,1,0,4,6536,res=-11(EAGAIN) size=192 data=NULL tuple=NULL
13:57:55.673586695,sched_yield,/:/host:rw:true:rslave,-c 4 127.0.0.1,1,0,4,6536,
13:57:55.673588849,sched_yield,/:/host:rw:true:rslave,-c 4 127.0.0.1,1,0,4,6536,
13:57:55.673590072,recvmsg,/:/host:rw:true:rslave,-c 4 127.0.0.1,1,0,4,6536,fd=3(<4r>0.0.0.0:1)
13:57:55.673591715,recvmsg,/:/host:rw:true:rslave,-c 4 127.0.0.1,1,0,4,6536,res=-11(EAGAIN) size=192 data=NULL tuple=NULL
13:57:55.673594180,sched_yield,/:/host:rw:true:rslave,-c 4 127.0.0.1,1,0,4,6536,
13:57:55.673596324,sched_yield,/:/host:rw:true:rslave,-c 4 127.0.0.1,1,0,4,6536,
13:57:55.673597556,recvmsg,/:/host:rw:true:rslave,-c 4 127.0.0.1,1,0,4,6536,fd=3(<4r>0.0.0.0:1)
13:57:55.673599189,recvmsg,/:/host:rw:true:rslave,-c 4 127.0.0.1,1,0,4,6536,res=-11(EAGAIN) size=192 data=NULL tuple=NULL
13:57:55.673601654,sched_yield,/:/host:rw:true:rslave,-c 4 127.0.0.1,1,0,4,6536,
13:57:55.673603798,sched_yield,/:/host:rw:true:rslave,-c 4 127.0.0.1,1,0,4,6536,
13:57:55.673605021,recvmsg,/:/host:rw:true:rslave,-c 4 127.0.0.1,1,0,4,6536,fd=3(<4r>0.0.0.0:1)
13:57:55.673606664,recvmsg,/:/host:rw:true:rslave,-c 4 127.0.0.1,1,0,4,6536,res=-11(EAGAIN) size=192 data=NULL tuple=NULL
13:57:55.673609139,sched_yield,/:/host:rw:true:rslave,-c 4 127.0.0.1,1,0,4,6536,
13:57:55.673611283,sched_yield,/:/host:rw:true:rslave,-c 4 127.0.0.1,1,0,4,6536,
13:57:55.673612505,recvmsg,/:/host:rw:true:rslave,-c 4 127.0.0.1,1,0,4,6536,fd=3(<4r>0.0.0.0:1)
13:57:55.673614148,recvmsg,/:/host:rw:true:rslave,-c 4 127.0.0.1,1,0,4,6536,res=-11(EAGAIN) size=192 data=NULL tuple=NULL
13:57:55.673616613,sched_yield,/:/host:rw:true:rslave,-c 4 127.0.0.1,1,0,4,6536,
13:57:55.673618747,sched_yield,/:/host:rw:true:rslave,-c 4 127.0.0.1,1,0,4,6536,
13:57:55.673619980,recvmsg,/:/host:rw:true:rslave,-c 4 127.0.0.1,1,0,4,6536,fd=3(<4r>0.0.0.0:1)
13:57:55.673621623,recvmsg,/:/host:rw:true:rslave,-c 4 127.0.0.1,1,0,4,6536,res=-11(EAGAIN) size=192 data=NULL tuple=NULL
13:57:55.673624078,sched_yield,/:/host:rw:true:rslave,-c 4 127.0.0.1,1,0,4,6536,
13:57:55.673626232,sched_yield,/:/host:rw:true:rslave,-c 4 127.0.0.1,1,0,4,6536,
13:57:55.673627454,recvmsg,/:/host:rw:true:rslave,-c 4 127.0.0.1,1,0,4,6536,fd=3(<4r>0.0.0.0:1)
13:57:55.673629097,recvmsg,/:/host:rw:true:rslave,-c 4 127.0.0.1,1,0,4,6536,res=-11(EAGAIN) size=192 data=NULL tuple=NULL
13:57:55.673631572,sched_yield,/:/host:rw:true:rslave,-c 4 127.0.0.1,1,0,4,6536,
13:57:55.673633716,sched_yield,/:/host:rw:true:rslave,-c 4 127.0.0.1,1,0,4,6536,
13:57:55.673634939,recvmsg,/:/host:rw:true:rslave,-c 4 127.0.0.1,1,0,4,6536,fd=3(<4r>0.0.0.0:1)
13:57:55.673636582,recvmsg,/:/host:rw:true:rslave,-c 4 127.0.0.1,1,0,4,6536,res=-11(EAGAIN) size=192 data=NULL tuple=NULL
13:57:55.673639047,sched_yield,/:/host:rw:true:rslave,-c 4 127.0.0.1,1,0,4,6536,
13:57:55.673641201,sched_yield,/:/host:rw:true:rslave,-c 4 127.0.0.1,1,0,4,6536,
13:57:55.673642423,recvmsg,/:/host:rw:true:rslave,-c 4 127.0.0.1,1,0,4,6536,fd=3(<4r>0.0.0.0:1)
13:57:55.673644066,recvmsg,/:/host:rw:true:rslave,-c 4 127.0.0.1,1,0,4,6536,res=-11(EAGAIN) size=192 data=NULL tuple=NULL
13:57:55.673646541,sched_yield,/:/host:rw:true:rslave,-c 4 127.0.0.1,1,0,4,6536,
13:57:55.673648685,sched_yield,/:/host:rw:true:rslave,-c 4 127.0.0.1,1,0,4,6536,
13:57:55.673649908,recvmsg,/:/host:rw:true:rslave,-c 4 127.0.0.1,1,0,4,6536,fd=3(<4r>0.0.0.0:1)
13:57:55.673651551,recvmsg,/:/host:rw:true:rslave,-c 4 127.0.0.1,1,0,4,6536,res=-11(EAGAIN) size=192 data=NULL tuple=NULL
13:57:55.673654025,sched_yield,/:/host:rw:true:rslave,-c 4 127.0.0.1,1,0,4,6536,
13:57:55.673656180,sched_yield,/:/host:rw:true:rslave,-c 4 127.0.0.1,1,0,4,6536,
13:57:55.673657402,recvmsg,/:/host:rw:true:rslave,-c 4 127.0.0.1,1,0,4,6536,fd=3(<4r>0.0.0.0:1)
13:57:55.673659035,recvmsg,/:/host:rw:true:rslave,-c 4 127.0.0.1,1,0,4,6536,res=-11(EAGAIN) size=192 data=NULL tuple=NULL
13:57:55.673661510,sched_yield,/:/host:rw:true:rslave,-c 4 127.0.0.1,1,0,4,6536,
13:57:55.673663654,sched_yield,/:/host:rw:true:rslave,-c 4 127.0.0.1,1,0,4,6536,
13:57:55.673664876,recvmsg,/:/host:rw:true:rslave,-c 4 127.0.0.1,1,0,4,6536,fd=3(<4r>0.0.0.0:1)
13:57:55.673666530,recvmsg,/:/host:rw:true:rslave,-c 4 127.0.0.1,1,0,4,6536,res=-11(EAGAIN) size=192 data=NULL tuple=NULL
13:57:55.673668994,sched_yield,/:/host:rw:true:rslave,-c 4 127.0.0.1,1,0,4,6536,
13:57:55.673671139,sched_yield,/:/host:rw:true:rslave,-c 4 127.0.0.1,1,0,4,6536,
13:57:55.673672371,recvmsg,/:/host:rw:true:rslave,-c 4 127.0.0.1,1,0,4,6536,fd=3(<4r>0.0.0.0:1)
13:57:55.673674014,recvmsg,/:/host:rw:true:rslave,-c 4 127.0.0.1,1,0,4,6536,res=-11(EAGAIN) size=192 data=NULL tuple=NULL
13:57:55.673679114,sendmsg,/:/host:rw:true:rslave,-c 4 127.0.0.1,1,0,4,6536,fd=3(<4r>0.0.0.0:1) size=64 tuple=0.0.0.0:1->127.0.0.1:0
13:57:55.673747797,sendmsg,/:/host:rw:true:rslave,-c 4 127.0.0.1,1,0,4,6536,res=64 data=..5..#...._c.....G...................... !#$%&'()*+
13:57:55.673750522,recvmsg,/:/host:rw:true:rslave,-c 4 127.0.0.1,1,0,4,6536,fd=3(<4r>127.0.0.1->127.0.0.1)
13:57:55.673755261,recvmsg,/:/host:rw:true:rslave,-c 4 127.0.0.1,1,0,4,6536,res=84 size=84 data=E..T....@.............=..#...._c.....G...................... !#$%&'()*+
13:57:55.673771753,write,/:/host:rw:true:rslave,-c 4 127.0.0.1,1,0,4,6536,fd=1(<p>pipe:[60521]) size=57
13:57:55.673820578,write,/:/host:rw:true:rslave,-c 4 127.0.0.1,1,0,4,6536,res=57 data=64 bytes from 127.0.0.1: icmp_seq=2 ttl=64 time=0.059 ms.
13:57:55.673827030,recvmsg,/:/host:rw:true:rslave,-c 4 127.0.0.1,1,0,4,6536,fd=3(<4r>127.0.0.1->127.0.0.1)
13:57:55.673913802,read,/:/host:rw:true:rslave,app.py,2,0,6,152124,res=57 data=64 bytes from 127.0.0.1: icmp_seq=2 ttl=64 time=0.059 ms.
13:57:55.673925634,read,/:/host:rw:true:rslave,app.py,2,0,6,152124,fd=5(<p>pipe:[60521]) size=8029
13:57:56.172961621,poll,/:/host:rw:true:rslave,app.py,2,1,6,152124,res=0 fds=
13:57:56.173019953,poll,/:/host:rw:true:rslave,app.py,2,1,6,152124,fds=3:41 timeout=500
13:57:56.672705770,recvmsg,/:/host:rw:true:rslave,-c 4 127.0.0.1,1,0,4,6536,res=-11(EAGAIN) size=192 data=NULL tuple=NULL
13:57:56.672716651,sendmsg,/:/host:rw:true:rslave,-c 4 127.0.0.1,1,0,4,6536,fd=3(<4r>127.0.0.1->127.0.0.1) size=64 tuple=0.0.0.0:1->127.0.0.1:0
13:57:56.672767950,sendmsg,/:/host:rw:true:rslave,-c 4 127.0.0.1,1,0,4,6536,res=64 data=.....#...._c.....C...................... !#$%&'()*+
13:57:56.672769192,recvmsg,/:/host:rw:true:rslave,-c 4 127.0.0.1,1,0,4,6536,fd=3(<4r>127.0.0.1->127.0.0.1)
13:57:56.672773250,recvmsg,/:/host:rw:true:rslave,-c 4 127.0.0.1,1,0,4,6536,res=84 size=84 data=E..T.[..@..K.............#...._c.....C...................... !#$%&'()*+
13:57:56.672785654,write,/:/host:rw:true:rslave,-c 4 127.0.0.1,1,0,4,6536,fd=1(<p>pipe:[60521]) size=57
13:57:56.672808975,write,/:/host:rw:true:rslave,-c 4 127.0.0.1,1,0,4,6536,res=57 data=64 bytes from 127.0.0.1: icmp_seq=3 ttl=64 time=0.048 ms.
13:57:56.672811400,recvmsg,/:/host:rw:true:rslave,-c 4 127.0.0.1,1,0,4,6536,fd=3(<4r>127.0.0.1->127.0.0.1)
13:57:56.672823254,read,/:/host:rw:true:rslave,app.py,2,0,6,152124,res=57 data=64 bytes from 127.0.0.1: icmp_seq=3 ttl=64 time=0.048 ms.
13:57:56.672830782,read,/:/host:rw:true:rslave,app.py,2,0,6,152124,fd=5(<p>pipe:[60521]) size=7972
13:57:56.674124664,poll,/:/host:rw:true:rslave,app.py,2,1,6,152124,res=0 fds=
13:57:56.674180061,poll,/:/host:rw:true:rslave,app.py,2,1,6,152124,fds=3:41 timeout=500
13:57:57.174847132,poll,/:/host:rw:true:rslave,app.py,2,1,6,152124,res=0 fds=
13:57:57.174897099,poll,/:/host:rw:true:rslave,app.py,2,1,6,152124,fds=3:41 timeout=500
13:57:57.672840910,recvmsg,/:/host:rw:true:rslave,-c 4 127.0.0.1,1,0,4,6536,res=-11(EAGAIN) size=192 data=NULL tuple=NULL
13:57:57.672854265,sendmsg,/:/host:rw:true:rslave,-c 4 127.0.0.1,1,0,4,6536,fd=3(<4r>127.0.0.1->127.0.0.1) size=64 tuple=0.0.0.0:1->127.0.0.1:0
13:57:57.672918249,sendmsg,/:/host:rw:true:rslave,-c 4 127.0.0.1,1,0,4,6536,res=64 data=..m..#...._c....TD...................... !#$%&'()*+
13:57:57.672927477,setitimer,/:/host:rw:true:rslave,-c 4 127.0.0.1,1,0,4,6536,
13:57:57.672931344,setitimer,/:/host:rw:true:rslave,-c 4 127.0.0.1,1,0,4,6536,
13:57:57.672932877,recvmsg,/:/host:rw:true:rslave,-c 4 127.0.0.1,1,0,4,6536,fd=3(<4r>127.0.0.1->127.0.0.1)
13:57:57.672938629,recvmsg,/:/host:rw:true:rslave,-c 4 127.0.0.1,1,0,4,6536,res=84 size=84 data=E..T.w..@../..........u..#...._c....TD...................... !#$%&'()*+
13:57:57.672959258,write,/:/host:rw:true:rslave,-c 4 127.0.0.1,1,0,4,6536,fd=1(<p>pipe:[60521]) size=57
13:57:57.673014984,write,/:/host:rw:true:rslave,-c 4 127.0.0.1,1,0,4,6536,res=57 data=64 bytes from 127.0.0.1: icmp_seq=4 ttl=64 time=0.056 ms.
13:57:57.673020174,write,/:/host:rw:true:rslave,-c 4 127.0.0.1,1,0,4,6536,fd=1(<p>pipe:[60521]) size=1
13:57:57.673022849,write,/:/host:rw:true:rslave,-c 4 127.0.0.1,1,0,4,6536,res=1 data=.
13:57:57.673037548,write,/:/host:rw:true:rslave,-c 4 127.0.0.1,1,0,4,6536,fd=1(<p>pipe:[60521]) size=147
13:57:57.673039431,write,/:/host:rw:true:rslave,-c 4 127.0.0.1,1,0,4,6536,res=147 data=--- 127.0.0.1 ping statistics ---.4 packets transmitted
13:57:57.673042567,exit_group,/:/host:rw:true:rslave,-c 4 127.0.0.1,1,0,4,6536,
13:57:57.673097150,read,/:/host:rw:true:rslave,app.py,2,0,6,152124,res=205 data=64 bytes from 127.0.0.1: icmp_seq=4 ttl=64 time=0.056 ms..--- 127.0.0.1 ping sta
13:57:57.673108672,read,/:/host:rw:true:rslave,app.py,2,0,6,152124,fd=5(<p>pipe:[60521]) size=7767
13:57:57.674233122,wait4,/:/host:rw:true:rslave,-c ping -c 4 127.0.0.1,1,0,3,4504,
13:57:57.674252980,exit_group,/:/host:rw:true:rslave,-c ping -c 4 127.0.0.1,1,0,3,4504,
13:57:57.674353162,read,/:/host:rw:true:rslave,app.py,2,0,6,152124,res=0 data=NULL
13:57:57.674412096,wait4,/:/host:rw:true:rslave,app.py,2,0,6,152124,
13:57:57.674434158,wait4,/:/host:rw:true:rslave,app.py,2,0,6,152124,
13:57:57.674479145,close,/:/host:rw:true:rslave,app.py,2,0,6,152124,fd=5(<p>pipe:[60521])
13:57:57.674481209,close,/:/host:rw:true:rslave,app.py,2,0,6,152124,res=0
13:57:57.675024878,open,/:/host:rw:true:rslave,app.py,2,0,5,152124,name=/etc/localtime flags=4097(O_RDONLY|O_CLOEXEC) mode=0
13:57:57.675039386,open,/:/host:rw:true:rslave,app.py,2,0,5,152124,fd=-2(ENOENT) name=/etc/localtime flags=4097(O_RDONLY|O_CLOEXEC) mode=0 dev=0 ino=0
13:57:57.675149719,write,/:/host:rw:true:rslave,app.py,2,0,5,152124,fd=2(<p>pipe:[48679]) size=79
13:57:57.675172437,write,/:/host:rw:true:rslave,app.py,2,0,5,152124,res=79 data=172.22.0.1 - - [31/Oct/2022 08:27:57] .[37mPOST /api/ping HTTP/1.1.[0m 200 -.
13:57:57.675195993,sendto,/:/host:rw:true:rslave,app.py,2,0,5,152124,fd=4(<4t>172.22.0.1:33820->172.22.0.3:8081) size=17 tuple=NULL
13:57:57.675264407,sendto,/:/host:rw:true:rslave,app.py,2,0,5,152124,res=17 data=HTTP/1.0 200 OK..
13:57:57.675314053,sendto,/:/host:rw:true:rslave,app.py,2,0,5,152124,fd=4(<4t>172.22.0.1:33820->172.22.0.3:8081) size=169 tuple=NULL
13:57:57.675324824,sendto,/:/host:rw:true:rslave,app.py,2,0,5,152124,res=169 data=Content-Type: text/html; charset=utf-8..Content-Length: 425..Access-Control-Allo
13:57:57.675328661,sendto,/:/host:rw:true:rslave,app.py,2,0,5,152124,fd=4(<4t>172.22.0.1:33820->172.22.0.3:8081) size=425 tuple=NULL
13:57:57.675334673,sendto,/:/host:rw:true:rslave,app.py,2,0,5,152124,res=425 data=PING 127.0.0.1 (127.0.0.1) 56(84) bytes of data..64 bytes from 127.0.0.1: icmp_s
13:57:57.675374069,shutdown,/:/host:rw:true:rslave,app.py,2,0,5,152124,fd=4(<4t>172.22.0.1:33820->172.22.0.3:8081) how=1
13:57:57.675382295,shutdown,/:/host:rw:true:rslave,app.py,2,0,5,152124,res=0
13:57:57.675386283,close,/:/host:rw:true:rslave,app.py,2,0,5,152124,fd=4(<4t>172.22.0.1:33820->172.22.0.3:8081)
13:57:57.675387886,close,/:/host:rw:true:rslave,app.py,2,0,5,152124,res=0
13:57:57.675427553,madvise,/:/host:rw:true:rslave,app.py,2,0,4,152124,
13:57:57.675431861,madvise,/:/host:rw:true:rslave,app.py,2,0,4,152124,
13:57:57.675433133,exit,/:/host:rw:true:rslave,app.py,2,0,4,152124,
